Month,MVShop,MVSchool,MVRel,FullSimpleShop,FullSimpleSchool,FullSimpleRel
1,1.5421644,2.5874467,2.404202,128817,34545,20140
2,1.533579,3.159483,2.5421505,121096,43762,20144
3,1.5250587,3.1929617,2.518888,124579,48450,21204
4,1.5376893,3.4368846,2.56924,149957,61778,25158
5,1.5171134,3.562289,2.454055,140201,73889,26386
6,1.5118734,3.2299304,2.440869,133063,59828,23364
7,1.5158504,2.941428,2.3066275,135658,37162,19664
